X_LL,Y_LL,Sample#,Grain#,Mineral Identification,Mineral,TiO2,Cr2O3,FeO,MgO,CaO,SiO2,Al2O3,Na2O,MnO,Total,NiO,ZnO,Class
-115.799051,56.452099,PR95-11,592,ALMANDINE  ,Garnet,0.08,0.1,31.2,4.49,4.66,37.91,22.07,0,0.35,100.85,,,B
-115.753433,56.847983,NAT95-134,71,G_09_CHROME_PYROPE  ,Garnet,0.03,5.65,7.96,18.6,6.01,41.25,20.63,0.04,0.49,100.67,,,A
-116.896667,56.689722,NAT95-143,602,G_09_CHROME_PYROPE  ,Garnet,0,4.78,7.84,18.46,5.92,41.92,21.17,0,0.48,100.57,,,A
-115.75395,56.847233,NAT96-216,97,G_05_MAGNESIAN_ALMANDINE  ,Garnet,0.08,0,29.89,2.27,8,38.17,21.06,0,1.07,100.55,,,A
-115.753433,56.847983,NAT95-134,73,G_09_CHROME_PYROPE  ,Garnet,0.35,4.52,8.31,18.79,5.71,41.37,21.02,0.05,0.42,100.55,,,E
-115.75395,56.847233,NAT96-216,46,G_09_CHROME_PYROPE  ,Garnet,0.04,4.77,7.82,18.8,5.58,42.4,20.55,0.03,0.52,100.51,,,D
-118.24205,54.715566,NAT97-223,20,G_03_CALCIC_PYROPE_ALMANDINE  ,Garnet,0.15,0.02,16.67,9.08,11.7,39.38,23.12,0.02,0.36,100.5,,,A
-115.75395,56.847233,NAT96-216,10,G_09_CHROME_PYROPE  ,Garnet,0.29,4.45,8.37,18.8,5.32,42.41,20.33,0.06,0.43,100.46,,,D
-115.753433,56.847983,NAT95-134,610,ALMANDINE  ,Garnet,0.08,0.05,30.58,6.2,2.32,38.31,22.47,0,0.45,100.45,,,D
-115.753433,56.847983,NAT95-134,74,G_09_CHROME_PYROPE  ,Garnet,0.05,4.73,7.23,18.92,5.76,41.87,21.39,0.03,0.46,100.45,,,A
-117.616137,55.142215,SB94-15,547,G_03_CALCIC_PYROPE_ALMANDINE  ,Garnet,0.07,0,22.06,7.33,8.92,39.2,22.4,0.01,0.43,100.42,,,B
-118.168241,54.575267,NAT96-159,1,G_08_FERRO_MAGNESIAN_GROSSULAR  ,Garnet,0.37,6.68,4.23,0.2,33.39,39.14,15.72,0.02,0.62,100.37,,,D
-114.73386,56.215773,NAT95-131,639,ALMANDINE  ,Garnet,0,0.05,35.65,3.45,2.04,37.19,21.69,0,0.27,100.34,,,E
-115.75395,56.847233,NAT96-216,52,G_09_CHROME_PYROPE  ,Garnet,0,3.93,7.97,19.24,5.26,42.34,20.94,0.04,0.57,100.29,,,A
-117.723489,55.419501,PR95-3A,633,G_09_CHROME_PYROPE  ,Garnet,0.34,5.88,7.7,19.68,5.29,41.05,19.95,0.02,0.38,100.29,,,E
-115.75395,56.847233,NAT96-216,42,G_10_LOW_CALCIUM_CHROME_PYROPE  ,Garnet,0.11,7.18,7.95,17.27,7.05,41.77,18.41,0.03,0.52,100.29,,,E
-113.174167,57.163611,NAT95-158,533,ALMANDINE  ,Garnet,0.01,0,33.59,4.82,1.32,37.52,22.17,0,0.84,100.27,,,D
-115.799051,56.452099,PR95-11,589,ALMANDINE  ,Garnet,0.01,0,34.54,2.92,4,37.33,21.06,0,0.41,100.27,,,A
-115.75395,56.847233,NAT96-216,11,G_09_CHROME_PYROPE  ,Garnet,0.02,5.98,8.24,17.57,6.5,41.99,19.48,0,0.48,100.27,,,E
-116.771667,57.566944,NAT95-144,120,G_03_CALCIC_PYROPE_ALMANDINE  ,Garnet,0.03,0.02,15.25,14.82,5.32,40.37,24.15,0.01,0.3,100.26,,,C
-117.616137,55.142215,SB94-15,546,G_05_MAGNESIAN_ALMANDINE  ,Garnet,0.01,0.02,26.75,10.01,0.87,39,23.19,0,0.41,100.26,,,A
-118.135167,54.632167,NAT96-201,7,G_05_MAGNESIAN_ALMANDINE  ,Garnet,0.08,0,27.32,8.96,1.64,39.28,22.05,0,0.92,100.25,,,B
-115.75395,56.847233,NAT96-216,90,G_09_CHROME_PYROPE  ,Garnet,0.01,4.72,7.39,18.53,6.19,42.39,20.46,0.04,0.52,100.24,,,D
-115.953333,57.920278,NAT95-150,508,G_03_CALCIC_PYROPE_ALMANDINE  ,Garnet,0.02,0.01,13.8,13.88,7.25,40.96,24.03,0.02,0.25,100.22,,,B
-115.75395,56.847233,NAT96-216,104,G_09_CHROME_PYROPE  ,Garnet,0.33,3.03,8.33,19.44,4.53,42.46,21.56,0.05,0.49,100.22,,,C
-112.946578,55.138726,NAT95-126,25,ALMANDINE  ,Garnet,0.03,0.01,32.32,6,0.85,38,22.28,0,0.72,100.21,,,E
-115.799051,56.452099,PR95-11,598,G_05_MAGNESIAN_ALMANDINE  ,Garnet,0.06,0.04,27.14,5.07,7.41,37.97,21.9,0.01,0.59,100.21,,,A
-115.75395,56.847233,NAT96-216,89,G_09_CHROME_PYROPE  ,Garnet,0.03,4.97,7.55,18.52,5.83,42.46,20.34,0.01,0.5,100.21,,,E
-115.75395,56.847233,NAT96-216,74,G_10_LOW_CALCIUM_CHROME_PYROPE  ,Garnet,0.01,7.15,7.24,17.98,6.72,42.1,18.44,0.02,0.55,100.19,,,B
-113.800569,55.946071,NAT95-130,47,G_03_CALCIC_PYROPE_ALMANDINE  ,Garnet,0.03,0,13.87,14.6,6.9,40.86,23.68,0.01,0.22,100.18,,,E
-115.75395,56.847233,NAT96-216,88,G_10_LOW_CALCIUM_CHROME_PYROPE  ,Garnet,0.03,6.48,7.53,18.77,5.96,42.25,18.75,0.01,0.37,100.15,,,D
-115.75395,56.847233,NAT96-216,103,G_09_CHROME_PYROPE  ,Garnet,0,2.08,8.77,18.26,5.62,42.23,22.5,0.01,0.66,100.14,,,C
-115.753433,56.847983,NAT95-134,609,G_10_LOW_CALCIUM_CHROME_PYROPE  ,Garnet,0.07,8.59,7.88,16.81,7.9,40.62,17.77,0.02,0.47,100.13,,,B
-117.726986,55.461643,NAT95-121,5,ALMANDINE  ,Garnet,0.06,0,30.92,2.39,6.99,37.54,21.61,0.02,0.57,100.1,,,A
-115.973889,56.926389,NAT95-146,125,G_05_MAGNESIAN_ALMANDINE  ,Garnet,0,0.03,22.67,12.44,1.38,39.97,23.39,0.02,0.19,100.09,,,A
-115.75395,56.847233,NAT96-216,25,G_10_LOW_CALCIUM_CHROME_PYROPE  ,Garnet,0.01,6.56,8.02,17.84,6.4,41.97,18.85,0.01,0.43,100.08,,,E
-115.75395,56.847233,NAT96-216,72,G_10_LOW_CALCIUM_CHROME_PYROPE  ,Garnet,0.11,8.87,8.08,16.78,7.52,41.29,16.92,0,0.5,100.08,,,C
-115.75395,56.847233,NAT96-216,93,G_09_CHROME_PYROPE  ,Garnet,0.17,4.17,8.33,19.04,4.85,42.3,20.78,0.01,0.42,100.07,,,A
-117.123366,55.212673,SB94-9,542,G_01_TITANIAN_PYROPE  ,Garnet,0.34,1.45,8.31,20.19,4.31,42.24,22.87,0.05,0.3,100.06,,,A
-115.753433,56.847983,NAT95-134,611,G_09_CHROME_PYROPE  ,Garnet,0.02,5.42,7.88,18.72,5.95,41.1,20.5,0.03,0.44,100.06,,,D
-112.988889,57.693333,NAT95-156,523,G_05_MAGNESIAN_ALMANDINE  ,Garnet,0.04,0.05,29.4,3.54,7.09,37.7,21.54,0.01,0.67,100.04,,,C
-118.859667,54.554,NAT96-200,78,G_05_MAGNESIAN_ALMANDINE  ,Garnet,0.03,0.08,23.55,7.96,6.14,38.96,22.26,0.02,1,99.99,,,B
-119.611723,54.741571,NAT96-187,52,G_03_CALCIC_PYROPE_ALMANDINE  ,Garnet,0.08,0.03,14.69,11.38,9.48,40.59,23.37,0,0.36,99.98,,,B
-118.99801,54.34899,NAT96-181,30,UNKNOWN  (Grossular?),Garnet,0.34,0.02,12.35,0.05,28.74,38.23,18.54,0,1.72,99.98,,,C
-118.168241,54.575267,NAT96-159,3,G_05_MAGNESIAN_ALMANDINE  ,Garnet,0.07,0.02,23.93,6.89,7.54,39.2,21.83,0.03,0.46,99.97,,,B
-115.75395,56.847233,NAT96-216,14,G_09_CHROME_PYROPE  ,Garnet,0,4.73,7.28,18.57,5.92,42.27,20.7,0.01,0.48,99.97,,,C
-119.413107,57.769363,NAT97-205,17,G_09_CHROME_PYROPE  ,Garnet,0.17,4.62,7.73,19.66,5.2,41.69,20.4,0.01,0.47,99.96,,,D
-115.75395,56.847233,NAT96-216,31,G_09_CHROME_PYROPE  ,Garnet,0.04,4.89,7.85,18.84,5.53,41.57,20.69,0.02,0.53,99.96,,,B
-116.771667,57.566944,NAT95-144,122,ALMANDINE  ,Garnet,0.07,0.01,32.29,0.84,7.37,36.85,21.11,0,1.41,99.95,,,D
-118.685816,54.652816,NAT97-218,74,ALMANDINE  ,Garnet,0.07,0.01,31.92,1.41,7.92,36.88,20.95,0.02,0.77,99.95,,,D
-115.75395,56.847233,NAT96-216,8,G_09_CHROME_PYROPE  ,Garnet,0.01,4.54,7.61,18.63,5.46,42.5,20.68,0.02,0.5,99.94,,,D
-119.050955,54.08594,NAT96-175,15,GROSSULAR  ,Garnet,0.43,0,8.73,0.12,33.95,38.77,17.55,0.03,0.37,99.94,,,C
-113.36651,55.658784,NAT95-129,612,G_01_TITANIAN_PYROPE  ,Garnet,0.74,2.58,8.23,20.13,4.78,41.91,21.21,0.06,0.3,99.93,,,A
-115.753433,56.847983,NAT95-134,72,G_09_CHROME_PYROPE  ,Garnet,0.19,5.68,9.08,17.79,5.82,41.07,19.84,0.01,0.46,99.93,,,C
-115.75395,56.847233,NAT96-216,38,G_09_CHROME_PYROPE  ,Garnet,0,2.97,8.23,18.88,5.3,42.48,21.51,0,0.56,99.93,,,E
-115.75395,56.847233,NAT96-216,110,G_09_CHROME_PYROPE  ,Garnet,0.11,3.81,7.96,19.1,5.3,42.17,21.02,0,0.45,99.92,,,A
-115.304636,56.713848,NAT97-228,93,G_05_MAGNESIAN_ALMANDINE  ,Garnet,0.07,0,30.13,3.01,7.85,37.18,21.2,0,0.46,99.91,,,E
-116.745888,56.492092,PR95-9B,585,G_05_MAGNESIAN_ALMANDINE  ,Garnet,0.03,0.02,30.38,7.57,1.02,38.17,22.3,0,0.42,99.91,,,B
-118.624068,54.002461,NAT96-188,57,G_05_MAGNESIAN_ALMANDINE  ,Garnet,0,0.02,23.32,12.18,0.98,39.8,23.23,0.01,0.36,99.9,,,C
-115.75395,56.847233,NAT96-216,33,G_09_CHROME_PYROPE  ,Garnet,0,3.98,8.01,18.43,5.63,42.29,21.06,0.02,0.49,99.9,,,C
-115.75395,56.847233,NAT96-216,107,G_03_CALCIC_PYROPE_ALMANDINE  ,Garnet,0.17,0.03,22.26,9.41,6.31,39.15,21.93,0,0.61,99.87,,,C
-115.799051,56.452099,PR95-11,599,G_05_MAGNESIAN_ALMANDINE  ,Garnet,0.04,0.01,26.45,4.45,8.2,37.84,22.04,0,0.82,99.87,,,E
-117.052159,56.037584,LEL94-1,632,G_10_LOW_CALCIUM_CHROME_PYROPE  ,Garnet,0,8.4,7.96,16.78,7.91,40.67,17.63,0,0.52,99.87,,,B
-115.75395,56.847233,NAT96-216,13,G_09_CHROME_PYROPE  ,Garnet,0.01,4.62,7.86,18.84,5.7,42.09,20.22,0.03,0.48,99.85,,,C
-115.75395,56.847233,NAT96-216,28,G_09_CHROME_PYROPE  ,Garnet,0.07,2.92,7.7,19.17,5.25,42.3,21.83,0.04,0.55,99.85,,,B
-115.75395,56.847233,NAT96-216,15,G_11_UVAROVITE_PYROPE  ,Garnet,0.24,8.35,8,17.32,6.7,41.55,17.1,0.04,0.53,99.85,,,E
-115.753433,56.847983,NAT95-134,608,G_09_CHROME_PYROPE  ,Garnet,0.16,6.23,8.3,18.34,5.98,41.3,19.09,0.01,0.43,99.84,,,B
-115.203283,56.926133,NAT97-163,15,G_09_CHROME_PYROPE  ,Garnet,0.1,7.34,8.05,17.63,7.51,40.62,18.06,0,0.53,99.84,,,B
-117.723489,55.419501,PR95-3B,579,G_05_MAGNESIAN_ALMANDINE  ,Garnet,0,0.03,29.86,7.79,1.16,38.26,22.38,0,0.34,99.81,,,B
-115.961667,58.964167,NAT95-153,517,G_05_MAGNESIAN_ALMANDINE  ,Garnet,0.01,0.02,29.9,7.79,1.16,38.18,22.41,0,0.34,99.8,,,E
-115.75395,56.847233,NAT96-216,12,G_09_CHROME_PYROPE  ,Garnet,0.01,3.96,7.87,18.94,5.44,42.03,20.99,0.02,0.51,99.79,,,E
-115.75395,56.847233,NAT96-216,35,G_09_CHROME_PYROPE  ,Garnet,0.01,5.16,7.75,18.85,5.57,41.69,20.18,0.04,0.53,99.78,,,E
-115.75395,56.847233,NAT96-216,109,G_09_CHROME_PYROPE  ,Garnet,0.03,4.44,7.64,19,5.58,41.63,20.97,0,0.46,99.75,,,A
-115.75395,56.847233,NAT96-216,102,G_03_CALCIC_PYROPE_ALMANDINE  ,Garnet,0.11,0.14,12.15,18.17,3.17,42.04,23.33,0.07,0.52,99.72,,,E
-116.896667,56.689722,NAT95-143,629,G_09_CHROME_PYROPE  ,Garnet,0,4.13,7.33,19.52,4.99,41.76,21.53,0.04,0.42,99.72,,,A
-115.75395,56.847233,NAT96-216,61,G_10_LOW_CALCIUM_CHROME_PYROPE  ,Garnet,0.16,7.04,7.96,17.91,6.05,41.49,18.57,0.05,0.49,99.72,,,E
-115.75395,56.847233,NAT96-216,51,G_09_CHROME_PYROPE  ,Garnet,0.19,5.64,8.04,18.44,5.64,41.76,19.39,0.04,0.57,99.71,,,E
-115.973889,56.926389,NAT95-146,129,G_05_MAGNESIAN_ALMANDINE  ,Garnet,0.02,0.1,22.91,12.61,0.98,39.83,22.88,0.02,0.34,99.69,,,D
-115.75395,56.847233,NAT96-216,108,G_09_CHROME_PYROPE  ,Garnet,0.08,3.52,7.73,19.17,5.13,42.06,21.56,0.03,0.42,99.69,,,E
-115.75395,56.847233,NAT96-216,23,G_10_LOW_CALCIUM_CHROME_PYROPE  ,Garnet,0.03,6.5,7.79,18.06,5.91,41.71,19.17,0.04,0.47,99.69,,,A
-117.202402,56.586613,PR95-7,582,G_05_MAGNESIAN_ALMANDINE  ,Garnet,0.01,0.07,24.09,11.58,1.27,38.86,23.45,0.02,0.32,99.68,,,E
-118.30455,54.7934,NAT97-222,25,G_10_LOW_CALCIUM_CHROME_PYROPE  ,Garnet,0.07,6.47,8.1,18.27,6.01,41.09,19.24,0.01,0.44,99.68,,,E
-117.052159,56.037584,LEL94-1,555,GROSSULAR  ,Garnet,0.43,0.01,7.24,0.08,34.12,38.24,19.37,0,0.19,99.68,,,E
-115.75395,56.847233,NAT96-216,78,G_10_LOW_CALCIUM_CHROME_PYROPE  ,Garnet,0.09,8.71,7.91,16.66,7.54,41.14,17.1,0.02,0.49,99.67,,,A
-115.75395,56.847233,NAT96-216,32,G_09_CHROME_PYROPE  ,Garnet,0.05,4.51,7.92,18.98,5.36,41.59,20.66,0.02,0.54,99.64,,,E
-115.75395,56.847233,NAT96-216,94,G_09_CHROME_PYROPE  ,Garnet,0.1,3.09,8.83,19.29,4.72,41.73,21.51,0.01,0.35,99.63,,,D
-119.300709,57.736503,NAT97-207,96,G_05_MAGNESIAN_ALMANDINE  ,Garnet,0.1,0.05,25.38,3.43,10.5,37.47,20.96,0.02,1.7,99.62,,,D
-115.307217,56.163817,NAT97-169,2,G_09_CHROME_PYROPE  ,Garnet,0.19,3.86,7.09,20.66,4.65,42.13,20.65,0.05,0.31,99.6,,,E
-115.75395,56.847233,NAT96-216,29,G_09_CHROME_PYROPE  ,Garnet,0.14,3.83,8.33,19.31,4.6,42.17,20.78,0.03,0.41,99.6,,,C
-115.753433,56.847983,NAT95-134,69,G_11_UVAROVITE_PYROPE  ,Garnet,0.4,7.36,7.81,17.5,7.03,40.84,18.18,0.02,0.44,99.59,,,D
-119.050955,54.08594,NAT96-175,16,GROSSULAR  ,Garnet,0.31,0.02,5.88,0.08,31.22,38.76,19.53,0,3.79,99.59,,,E
-117.723489,55.419501,PR95-3A,574,ALMANDINE  ,Garnet,0.05,0.15,30.81,4.47,4.26,36.63,22.21,0.02,0.98,99.58,,,B
-118.223667,54.46955,NAT96-195,65,G_05_MAGNESIAN_ALMANDINE  ,Garnet,0.04,0.05,26.43,8.92,2.08,39.16,22.67,0,0.22,99.58,,,E
-115.753433,56.847983,NAT95-134,601,G_10_LOW_CALCIUM_CHROME_PYROPE  ,Garnet,0.1,7.93,7.8,17.47,6.99,40.74,18.08,0,0.46,99.57,,,B
-115.307217,56.163817,NAT97-169,7,G_10_LOW_CALCIUM_CHROME_PYROPE  ,Garnet,0.05,8.98,6.95,19.12,6.37,40.93,16.81,0.01,0.35,99.57,,,B
-115.75395,56.847233,NAT96-216,55,G_10_LOW_CALCIUM_CHROME_PYROPE  ,Garnet,0.1,6.82,7.71,18.13,6.04,41.4,18.89,0.02,0.46,99.57,,,E
-115.3875,57.838611,NAT95-148,503,GROSSULAR  ,Garnet,0.27,0,4.65,0.06,34.44,38.95,20.88,0.03,0.28,99.57,,,C
-115.333817,56.467033,NAT97-161,128,ALMANDINE  ,Garnet,0.05,0.02,31.28,2.47,7.22,36.94,20.62,0.02,0.95,99.56,,,D
-115.75395,56.847233,NAT96-216,57,G_09_CHROME_PYROPE  ,Garnet,0.09,5.92,8.55,17.6,6.53,41.03,19.22,0.01,0.61,99.56,,,B
-115.753433,56.847983,NAT95-134,65,G_09_CHROME_PYROPE  ,Garnet,0.2,3.39,8.09,19.19,4.92,41.61,21.72,0.01,0.39,99.54,,,D
-115.307217,56.163817,NAT97-169,6,G_09_CHROME_PYROPE  ,Garnet,0.2,5.46,7.37,19.64,5.43,41.46,19.52,0.02,0.42,99.53,,,E
-115.75395,56.847233,NAT96-216,62,G_09_CHROME_PYROPE  ,Garnet,0.04,4.96,7.63,18.74,5.53,41.54,20.59,0.04,0.46,99.53,,,C
-115.75395,56.847233,NAT96-216,47,G_10_LOW_CALCIUM_CHROME_PYROPE  ,Garnet,0.09,8.98,7.37,17,7.13,41.45,16.87,0.05,0.58,99.53,,,C
-115.75395,56.847233,NAT96-216,80,G_10_LOW_CALCIUM_CHROME_PYROPE  ,Garnet,0.06,8.93,7.63,16.62,7.89,40.99,16.85,0.01,0.55,99.53,,,B
-115.753433,56.847983,NAT95-134,78,G_10_LOW_CALCIUM_CHROME_PYROPE  ,Garnet,0.05,8.28,8.14,17.26,6.82,40.98,17.64,0,0.35,99.52,,,E
-115.75395,56.847233,NAT96-216,24,G_09_CHROME_PYROPE  ,Garnet,0,5.44,7.55,18.14,6.1,41.93,19.79,0.03,0.53,99.51,,,A
-115.753433,56.847983,NAT95-134,77,G_09_CHROME_PYROPE  ,Garnet,0.03,3.83,7.43,19.4,5.11,41.74,21.44,0.04,0.47,99.5,,,E
-115.75395,56.847233,NAT96-216,50,G_09_CHROME_PYROPE  ,Garnet,0.02,4.89,7.76,18.83,5.41,41.32,20.74,0.03,0.51,99.5,,,A
-115.75395,56.847233,NAT96-216,17,G_09_CHROME_PYROPE  ,Garnet,0,3.56,7.75,19.05,4.97,42.24,21.39,0,0.51,99.49,,,B
-118.257426,54.93817,NAT96-198,15,UNKNOWN  (Grossular?),Garnet,0.13,0,8.93,0.08,23.55,37.66,29.06,0.01,0.06,99.48,,,B
-118.090833,54.576417,NAT96-197,5,G_05_MAGNESIAN_ALMANDINE  ,Garnet,0.04,0.04,24.86,7.31,6.07,38.72,22.03,0.01,0.38,99.46,,,B
-115.75395,56.847233,NAT96-216,39,G_09_CHROME_PYROPE  ,Garnet,0.01,3.95,7.56,19.16,4.97,42.18,21.05,0.06,0.5,99.45,,,D
-115.75395,56.847233,NAT96-216,26,G_10_LOW_CALCIUM_CHROME_PYROPE  ,Garnet,0,5.99,7.54,18.29,5.88,41.54,19.71,0.02,0.47,99.45,,,D
-115.307217,56.163817,NAT97-169,9,G_09_CHROME_PYROPE  ,Garnet,0.04,5.98,7.96,17.79,7.26,41.11,18.88,0.04,0.41,99.44,,,D
-115.75395,56.847233,NAT96-216,34,G_09_CHROME_PYROPE  ,Garnet,0,4.9,7.49,18.54,5.62,42.08,20.26,0.03,0.52,99.44,,,C
-118.168241,54.575267,NAT96-159,2,G_05_MAGNESIAN_ALMANDINE  ,Garnet,0.16,0.04,23.63,7.72,5.94,39.28,21.84,0,0.82,99.43,,,D
-115.75395,56.847233,NAT96-216,95,G_09_CHROME_PYROPE  ,Garnet,0.25,4.82,8.68,18.85,4.84,41.38,20.26,0.04,0.32,99.43,,,B
-115.75395,56.847233,NAT96-216,73,G_10_LOW_CALCIUM_CHROME_PYROPE  ,Garnet,0.01,8.28,7.82,16.98,6.98,41.68,17.17,0,0.51,99.43,,,B
-115.75395,56.847233,NAT96-216,43,G_09_CHROME_PYROPE  ,Garnet,0.03,4.66,7.72,18.65,5.58,41.92,20.33,0.01,0.52,99.42,,,E
-115.753433,56.847983,NAT95-134,607,G_09_CHROME_PYROPE  ,Garnet,0.01,5.67,8.15,17.43,6.99,41.29,19.29,0.02,0.56,99.41,,,C
-115.75395,56.847233,NAT96-216,48,G_09_CHROME_PYROPE  ,Garnet,0.02,5,7.68,18.71,5.62,41.9,19.99,0.02,0.46,99.4,,,B
-116.170293,58.735294,NAT95-155,520,G_05_MAGNESIAN_ALMANDINE  ,Garnet,0.07,0,25.88,6.13,6.53,37.13,22.83,0,0.81,99.39,,,B
-115.75395,56.847233,NAT96-216,58,G_09_CHROME_PYROPE  ,Garnet,0.02,4.92,7.4,18.73,5.49,41.61,20.74,0,0.46,99.37,,,C
-115.75395,56.847233,NAT96-216,27,G_10_LOW_CALCIUM_CHROME_PYROPE  ,Garnet,0,7.48,7.87,17.43,7.04,41.31,17.78,0,0.46,99.37,,,C
-115.753433,56.847983,NAT95-134,62,G_09_CHROME_PYROPE  ,Garnet,0.15,3.44,8.42,18.93,5.19,41.03,21.84,0.01,0.35,99.36,,,D
-119.149878,57.493231,NAT97-204,107,G_05_MAGNESIAN_ALMANDINE  ,Garnet,0.06,0.02,29.59,3.56,7.12,37.21,21.31,0,0.48,99.35,,,B
-118.30455,54.7934,NAT97-222,24,G_05_MAGNESIAN_ALMANDINE  ,Garnet,0.12,0.17,23.79,7.37,6.68,38.77,21.86,0,0.6,99.35,,,A
-115.352967,56.382667,NAT97-160,132,G_06_PYROPE_GROSSULAR_ALMANDINE  ,Garnet,0.1,0,19.95,0.32,20.26,37.08,20.04,0,1.58,99.35,,,D
-115.75395,56.847233,NAT96-216,101,G_09_CHROME_PYROPE  ,Garnet,0.04,3.33,8.34,18.64,5.32,41.84,21.22,0.03,0.6,99.35,,,A
-117.616137,55.142215,SB94-15,548,G_03_CALCIC_PYROPE_ALMANDINE  ,Garnet,0.06,0,19.16,10.23,7.23,39.29,23.13,0,0.24,99.34,,,C
-118.826409,54.176227,NAT96-176,18,UNKNOWN  (Grossular?),Garnet,0.4,0.04,11.67,0.19,28.72,38.65,18.64,0,1,99.32,,,A
-115.799051,56.452099,PR95-11,600,G_05_MAGNESIAN_ALMANDINE  ,Garnet,0.03,0.16,23.92,10.75,2.68,38.1,23.31,0.02,0.34,99.31,,,D
-115.75395,56.847233,NAT96-216,18,G_09_CHROME_PYROPE  ,Garnet,0,4.77,7.63,18.54,5.46,41.86,20.53,0.02,0.48,99.31,,,A
-115.352967,56.382667,NAT97-160,129,ALMANDINE  ,Garnet,0.09,0,31.06,2.06,7.24,37.11,20.67,0.04,1.03,99.3,,,D
-119.149878,57.493231,NAT97-204,19,G_03_CALCIC_PYROPE_ALMANDINE  ,Garnet,0.11,0.19,20.59,5.36,11.57,38.64,22.18,0,0.67,99.3,,,A
-115.17525,57.97495,NAT97-225,80,G_05_MAGNESIAN_ALMANDINE  ,Garnet,0.04,0.01,29.22,1.99,8.38,37.06,21.55,0,1.05,99.3,,,C
-113.36651,55.658784,NAT95-129,625,G_10_LOW_CALCIUM_CHROME_PYROPE  ,Garnet,0.11,7.96,7.52,18.74,5.94,41.12,17.5,0.02,0.38,99.3,,,B
-115.75395,56.847233,NAT96-216,53,G_10_LOW_CALCIUM_CHROME_PYROPE  ,Garnet,0.07,6.99,7.48,18.33,6.23,41.28,18.47,0,0.45,99.3,,,C
-118.685816,54.652816,NAT97-218,73,ALMANDINE  ,Garnet,0.11,0,31.56,1.95,6.98,36.85,20.98,0,0.85,99.29,,,E
-118.24205,54.715566,NAT97-223,32,G_05_MAGNESIAN_ALMANDINE  ,Garnet,0,0.03,23.41,12.2,1.02,39.69,22.68,0.02,0.25,99.29,,,B
-115.307217,56.163817,NAT97-169,8,G_10_LOW_CALCIUM_CHROME_PYROPE  ,Garnet,0.14,7.03,7.35,18.57,6.4,41.1,18.31,0.01,0.38,99.29,,,D
-118.578166,54.721016,NAT97-217,26,G_10_LOW_CALCIUM_CHROME_PYROPE  ,Garnet,0.2,8.22,7.79,17.8,6.75,40.84,17.23,0.04,0.41,99.29,,,B
-115.307217,56.163817,NAT97-169,5,G_01_TITANIAN_PYROPE  ,Garnet,0.44,4.03,7.21,20.43,5.34,41.78,19.76,0.05,0.23,99.26,,,D
-117.052159,56.037584,LEL94-1,640,G_10_LOW_CALCIUM_CHROME_PYROPE  ,Garnet,0.05,6.74,7.49,18.21,6.65,40.57,19.04,0.02,0.48,99.26,,,E
-115.352967,56.382667,NAT97-160,131,G_03_CALCIC_PYROPE_ALMANDINE  ,Garnet,0.1,0.01,22.81,4.05,12.27,37.78,21.41,0.03,0.81,99.25,,,B
-115.75395,56.847233,NAT96-216,22,G_09_CHROME_PYROPE  ,Garnet,0,4.64,7.34,19.3,5.72,41.03,20.75,0,0.44,99.22,,,C
-115.75395,56.847233,NAT96-216,16,G_10_LOW_CALCIUM_CHROME_PYROPE  ,Garnet,0.12,7.2,8.29,17.66,6.2,41.06,18.16,0,0.53,99.22,,,D
-112.946578,55.138726,NAT95-126,21,G_05_MAGNESIAN_ALMANDINE  ,Garnet,0,0.04,28.19,8.6,1.09,38.21,22.81,0,0.28,99.21,,,E
-115.75395,56.847233,NAT96-216,99,G_05_MAGNESIAN_ALMANDINE  ,Garnet,0.1,0.02,27.63,2.75,8.32,37.3,21.29,0,1.82,99.21,,,D
-118.135167,54.632167,NAT96-201,83,G_03_CALCIC_PYROPE_ALMANDINE  ,Garnet,0.08,0.03,21.69,7.16,8.29,39.13,22.27,0.02,0.52,99.2,,,B
-118.578166,54.721016,NAT97-217,71,ALMANDINE  ,Garnet,0.06,0,32.52,0.67,8.04,36.41,20.66,0.01,0.82,99.19,,,C
-119.611723,54.741571,NAT96-187,54,G_05_MAGNESIAN_ALMANDINE  ,Garnet,0.03,0,24.27,9.86,2.75,39.3,22.63,0.02,0.34,99.19,,,B
-115.753433,56.847983,NAT95-134,66,G_09_CHROME_PYROPE  ,Garnet,0.16,4.54,8.3,18.48,5.51,41.12,20.72,0,0.36,99.19,,,B
-115.508017,56.7387,NAT97-227,85,G_05_MAGNESIAN_ALMANDINE  ,Garnet,0.04,0,30.13,2.02,7.74,37.07,21.29,0.01,0.87,99.18,,,A
-115.75395,56.847233,NAT96-216,70,G_09_CHROME_PYROPE  ,Garnet,0.02,2.79,7.99,18.87,5.02,42.53,21.44,0,0.52,99.18,,,E
-115.307217,56.163817,NAT97-169,3,G_01_TITANIAN_PYROPE  ,Garnet,0.77,3.86,7.45,20.38,5.78,41.49,19.14,0.04,0.27,99.17,,,C
-115.75395,56.847233,NAT96-216,63,G_09_CHROME_PYROPE  ,Garnet,0.01,4.66,7.65,19.02,5.25,41.43,20.69,0.02,0.45,99.17,,,E
-118.30455,54.7934,NAT97-222,76,G_05_MAGNESIAN_ALMANDINE  ,Garnet,0,0.04,25.97,4.94,6.95,37.17,21.54,0.04,2.52,99.16,,,B
-118.135167,54.632167,NAT96-201,85,G_03_CALCIC_PYROPE_ALMANDINE  ,Garnet,0.07,0.09,14.83,11.56,9.13,40.08,23.06,0,0.32,99.15,,,B
-115.75395,56.847233,NAT96-216,87,G_09_CHROME_PYROPE  ,Garnet,0.09,4.89,7.33,19.01,5.52,42.15,19.64,0.04,0.48,99.15,,,B
-118.650834,54.463445,NAT96-179,23,G_06_PYROPE_GROSSULAR_ALMANDINE  ,Garnet,0.11,0.02,14.03,10.6,11.25,39.64,23.09,0.05,0.35,99.14,,,E
-115.753433,56.847983,NAT95-134,70,G_09_CHROME_PYROPE  ,Garnet,0.13,3.82,8.31,19.35,5.27,39.73,21.99,0.03,0.49,99.13,,,D
-115.75395,56.847233,NAT96-216,21,G_09_CHROME_PYROPE  ,Garnet,0,4.93,7.53,18.67,5.57,41.91,20.05,0.01,0.45,99.13,,,E
-115.203283,56.926133,NAT97-163,40,G_05_MAGNESIAN_ALMANDINE  ,Garnet,0.07,0.04,30.46,3.56,6.42,37.35,20.79,0,0.42,99.12,,,A
-118.223667,54.46955,NAT96-195,64,G_05_MAGNESIAN_ALMANDINE  ,Garnet,0.07,0.08,26.56,9.77,1.36,38.63,22.37,0.02,0.25,99.11,,,D
-115.75395,56.847233,NAT96-216,91,G_10_LOW_CALCIUM_CHROME_PYROPE  ,Garnet,0.04,6.59,7.87,17.91,6.52,40.97,18.7,0,0.52,99.11,,,A
-118.090833,54.576417,NAT96-197,74,G_05_MAGNESIAN_ALMANDINE  ,Garnet,0.7,0.03,28.87,7.59,0.98,37.92,22.28,0.02,0.71,99.1,,,A
-115.75395,56.847233,NAT96-216,106,G_09_CHROME_PYROPE  ,Garnet,0.24,3.81,8.22,19.48,4.9,41.75,20.21,0.02,0.47,99.1,,,B
-115.75395,56.847233,NAT96-216,49,G_09_CHROME_PYROPE  ,Garnet,0.04,4.89,7.72,18.83,5.5,41.51,20.08,0.02,0.51,99.1,,,A
-115.75395,56.847233,NAT96-216,69,G_10_LOW_CALCIUM_CHROME_PYROPE  ,Garnet,0.04,7.57,8.06,17.75,6.39,41.12,17.86,0,0.31,99.1,,,B
-115.75395,56.847233,NAT96-216,76,G_10_LOW_CALCIUM_CHROME_PYROPE  ,Garnet,0.13,9.27,7.83,16.72,7.41,40.88,16.35,0.05,0.45,99.1,,,D
-115.75395,56.847233,NAT96-216,86,G_09_CHROME_PYROPE  ,Garnet,0.02,2.91,7.85,19.23,4.71,42.09,21.8,0.02,0.46,99.09,,,D
-115.961667,58.964167,NAT95-153,518,G_05_MAGNESIAN_ALMANDINE  ,Garnet,0.04,0,28.57,6.01,0.86,36.24,22.63,0,4.72,99.07,,,C
-115.75395,56.847233,NAT96-216,67,G_09_CHROME_PYROPE  ,Garnet,0.06,4.96,7.79,18.62,5.53,41.51,20.07,0.03,0.5,99.07,,,E
-115.75395,56.847233,NAT96-216,96,G_09_CHROME_PYROPE  ,Garnet,0.28,4.66,8.36,19.02,5.21,41.68,19.45,0.02,0.37,99.06,,,D
-115.444633,56.179683,NAT97-224,79,G_05_MAGNESIAN_ALMANDINE  ,Garnet,0.02,0.09,28.74,6.11,3.52,37.75,21.68,0,1.14,99.05,,,D
-113.174167,57.163611,NAT95-158,534,G_05_MAGNESIAN_ALMANDINE  ,Garnet,0.02,0.03,28.75,2.89,4.7,36.65,21.45,0,4.55,99.03,,,B
-115.799051,56.452099,PR95-11,596,ALMANDINE  ,Garnet,0,0.06,33.27,5.2,0.97,37.18,21.29,0.03,1.01,99.02,,,C
-115.307217,56.163817,NAT97-169,10,G_01_TITANIAN_PYROPE  ,Garnet,0.47,4.05,7.08,20.38,5.09,41.86,19.81,0.01,0.26,99.02,,,A
-115.973889,56.926389,NAT95-146,128,G_05_MAGNESIAN_ALMANDINE  ,Garnet,0.08,0.04,25.98,3.89,9.16,37.51,21.32,0.01,1.04,99.02,,,C
-115.75395,56.847233,NAT96-216,92,G_11_UVAROVITE_PYROPE  ,Garnet,0.4,7.11,7.92,18.53,6.18,40.26,18.04,0.08,0.49,99.02,,,B
-119.807417,54.903383,NAT96-199,77,G_03_CALCIC_PYROPE_ALMANDINE  ,Garnet,0.25,0.01,22.33,6.46,9.14,38.53,21.67,0.05,0.56,99.01,,,C
-115.75395,56.847233,NAT96-216,41,G_09_CHROME_PYROPE  ,Garnet,0,2.79,8.38,18.48,5.24,41.62,21.86,0.02,0.62,99.01,,,C
-115.508017,56.7387,NAT97-227,86,ALMANDINE  ,Garnet,0.01,0,31.91,1.32,8.27,35.98,20.85,0,0.65,99,,,D
-119.413107,57.769363,NAT97-205,16,G_03_CALCIC_PYROPE_ALMANDINE  ,Garnet,0.22,0.09,21.4,8.03,7.45,39.01,22.18,0.04,0.59,99,,,A
-115.444633,56.179683,NAT97-224,22,G_03_CALCIC_PYROPE_ALMANDINE  ,Garnet,0.23,0,18.37,8.92,9.74,38.99,22.31,0.02,0.43,99,,,C
-115.753433,56.847983,NAT95-134,68,G_12_KNORRINGITIC_UVAROVITE_PYROPE  ,Garnet,0.04,9.77,7.76,15.49,8.46,40.33,16.63,0.01,0.51,99,,,A
-115.2836,56.772,NAT97-166,49,ALMANDINE  ,Garnet,0.03,0.03,31.89,1.06,7.97,36.54,20.67,0.02,0.77,98.98,,,B
-115.17525,57.97495,NAT97-225,21,G_03_CALCIC_PYROPE_ALMANDINE  ,Garnet,0.09,0.04,21.7,4.21,12.19,38.48,21.57,0.05,0.65,98.98,,,D
-115.307217,56.163817,NAT97-168,53,G_05_MAGNESIAN_ALMANDINE  ,Garnet,0.01,0.01,30.27,1.15,7.38,36.66,21.21,0,2.26,98.96,,,B
-115.75395,56.847233,NAT96-216,66,G_09_CHROME_PYROPE  ,Garnet,0.02,4.77,7.87,18.73,5.62,41.4,20,0.03,0.52,98.96,,,D
-118.650834,54.463445,NAT96-179,24,G_06_PYROPE_GROSSULAR_ALMANDINE  ,Garnet,0.21,0.02,15.26,9.31,12,39.3,22.46,0.04,0.34,98.94,,,B
-115.307217,56.163817,NAT97-169,1,G_01_TITANIAN_PYROPE  ,Garnet,0.43,4.29,7.25,20.95,4.97,41.39,19.4,0.03,0.24,98.93,,,B
-115.799051,56.452099,PR95-11,637,G_09_CHROME_PYROPE  ,Garnet,0.32,3.49,7.16,20.35,4.7,42.18,20.45,0.03,0.25,98.93,,,C
-119.7898,54.92245,NAT96-212,92,G_05_MAGNESIAN_ALMANDINE  ,Garnet,0.01,0.02,26.07,9.63,0.9,39.01,22.59,0.01,0.67,98.91,,,D
-119.611723,54.741571,NAT96-187,51,G_05_MAGNESIAN_ALMANDINE  ,Garnet,0,0.07,23.55,11.5,1.17,39.88,22.32,0,0.4,98.89,,,C
-115.75395,56.847233,NAT96-216,68,G_09_CHROME_PYROPE  ,Garnet,0.05,4.76,7.7,18.88,5.27,41.74,20.02,0.03,0.42,98.86,,,A
-118.257426,54.93817,NAT96-198,6,G_07_FE-MAG_UVAROVITE_GROSSULAR  ,Garnet,0.5,8.85,4.75,5.29,25.5,38.96,14.69,0.04,0.27,98.85,,,E
-115.753433,56.847983,NAT95-134,58,G_09_CHROME_PYROPE  ,Garnet,0.04,5.25,7.92,18.65,5.62,40.68,20.33,0.01,0.33,98.84,,,E
-115.75395,56.847233,NAT96-216,30,G_10_LOW_CALCIUM_CHROME_PYROPE  ,Garnet,0.03,7.5,7.8,17.41,6.53,41.16,17.93,0.02,0.46,98.83,,,D
-115.75395,56.847233,NAT96-216,36,G_10_LOW_CALCIUM_CHROME_PYROPE  ,Garnet,0.15,7.01,8.05,17.7,5.92,41.59,17.87,0.04,0.5,98.83,,,D
-115.2836,56.772,NAT97-166,48,ALMANDINE  ,Garnet,0.1,0.02,30.73,1.76,7.58,36.87,20.71,0.02,1.02,98.82,,,E
-115.508017,56.7387,NAT97-227,83,G_05_MAGNESIAN_ALMANDINE  ,Garnet,0.08,0.04,29.98,3.07,6.51,37.26,21.06,0,0.82,98.82,,,D
-117.723489,55.419501,PR95-3B,635,G_09_CHROME_PYROPE  ,Garnet,0.06,4.54,8.2,18.37,6.25,39.73,21.21,0.01,0.45,98.82,,,E
-115.2836,56.772,NAT97-165,14,G_10_LOW_CALCIUM_CHROME_PYROPE  ,Garnet,0.15,9.12,6.51,19.98,5.11,40.75,16.87,0.04,0.29,98.82,,,A
-118.30455,54.7934,NAT97-222,28,G_05_MAGNESIAN_ALMANDINE  ,Garnet,0.03,0,27.11,5.12,6.48,38.13,21.4,0,0.55,98.81,,,A
-115.753433,56.847983,NAT95-134,61,G_09_CHROME_PYROPE  ,Garnet,0.14,3.94,8.04,19.18,4.99,40.95,21.18,0.03,0.36,98.81,,,A
-117.052159,56.037584,LEL94-1,631,G_09_CHROME_PYROPE  ,Garnet,0.03,5.88,7.82,18.33,6.17,40.09,20.08,0.02,0.39,98.81,,,B
-115.203283,56.926133,NAT97-164,43,ALMANDINE  ,Garnet,0.06,0,30.67,1.02,8.69,36.77,20.75,0,0.83,98.8,,,C
-115.753433,56.847983,NAT95-134,67,G_09_CHROME_PYROPE  ,Garnet,0.19,4.07,8.2,19.32,4.91,40.29,21.43,0.04,0.34,98.8,,,E
-115.307217,56.163817,NAT97-168,13,G_09_CHROME_PYROPE  ,Garnet,0.15,5.37,7.73,18.95,5.98,40.92,19.27,0.05,0.4,98.8,,,D
-115.973889,56.926389,NAT95-146,127,HYDROGROSSULAR  ,Garnet,0.96,0,5.56,0.11,36.08,36.88,19.19,0.02,0.01,98.8,,,E
-115.17525,57.97495,NAT97-225,82,G_05_MAGNESIAN_ALMANDINE  ,Garnet,0.08,0.03,30.14,2.52,7.31,36.8,21.12,0,0.79,98.79,,,E
-118.168241,54.575267,NAT96-159,1,G_03_CALCIC_PYROPE_ALMANDINE  ,Garnet,0.09,0.01,22.91,5.66,10.03,37.11,22.18,0,0.78,98.77,,,D
-118.650834,54.463445,NAT96-179,22,GROSSULAR  ,Garnet,0.42,0.01,14.16,0.11,31.28,37.92,12.29,0,2.57,98.76,,,C
-115.753433,56.847983,NAT95-134,606,G_09_CHROME_PYROPE  ,Garnet,0,6.37,8.02,17.15,7.14,40.51,19.05,0.01,0.46,98.73,,,B
-118.685816,54.652816,NAT97-218,72,G_03_CALCIC_PYROPE_ALMANDINE  ,Garnet,0.15,0.04,22.83,3.25,13.1,37.55,21.02,0,0.78,98.72,,,D
-114.73386,56.215773,NAT95-131,620,G_01_TITANIAN_PYROPE  ,Garnet,0.59,2.26,7.11,21.08,4.73,41.45,21.13,0.08,0.25,98.69,,,E
-115.75395,56.847233,NAT96-216,56,G_09_CHROME_PYROPE  ,Garnet,0,5.85,7.87,17.56,6.5,40.93,19.52,0,0.45,98.69,,,D
-115.203283,56.926133,NAT97-163,39,G_05_MAGNESIAN_ALMANDINE  ,Garnet,0.02,0.01,30.08,3.44,6.25,37.35,20.94,0.01,0.58,98.68,,,D
-119.611723,54.741571,NAT96-187,48,G_05_MAGNESIAN_ALMANDINE  ,Garnet,0.05,0.01,24.31,10.06,2.7,39.33,21.81,0.04,0.37,98.68,,,E
-115.75395,56.847233,NAT96-216,37,G_10_LOW_CALCIUM_CHROME_PYROPE  ,Garnet,0,6.33,7.71,18.2,5.94,41.14,18.79,0.02,0.56,98.68,,,C
-115.75395,56.847233,NAT96-216,77,G_10_LOW_CALCIUM_CHROME_PYROPE  ,Garnet,0.04,7.54,7.96,17.31,6.67,40.64,17.95,0.04,0.53,98.68,,,B
-119.149878,57.493231,NAT97-204,64,G_05_MAGNESIAN_ALMANDINE  ,Garnet,0.04,0.07,29.46,2.46,7.53,37.18,21.11,0.01,0.79,98.66,,,B
-115.307217,56.163817,NAT97-168,12,G_09_CHROME_PYROPE  ,Garnet,0.09,4.9,6.91,19.82,5.16,41.46,19.92,0.03,0.37,98.66,,,A
-115.799051,56.452099,PR95-11,636,G_11_UVAROVITE_PYROPE  ,Garnet,0.75,6.52,8.52,17.97,5.93,40.3,18.26,0.07,0.34,98.66,,,B
-119.050955,54.08594,NAT96-175,17,GROSSULAR  ,Garnet,0.49,0,6.28,0.06,34.28,38.31,18.44,0.04,0.78,98.66,,,D
-119.149878,57.493231,NAT97-204,65,G_05_MAGNESIAN_ALMANDINE  ,Garnet,0.05,0.03,26.18,4.8,7.01,38.13,21.71,0.03,0.69,98.65,,,D
-118.30455,54.7934,NAT97-222,75,G_05_MAGNESIAN_ALMANDINE  ,Garnet,0.01,0.09,28.02,5.75,5.38,37.26,21.79,0,0.34,98.64,,,C
-115.307217,56.163817,NAT97-168,11,G_10_LOW_CALCIUM_CHROME_PYROPE  ,Garnet,0.16,5.86,7.44,19.94,5.14,40.66,19.08,0,0.33,98.62,,,A
-115.75395,56.847233,NAT96-216,79,G_10_LOW_CALCIUM_CHROME_PYROPE  ,Garnet,0.04,8.69,7.51,16.71,7.32,40.74,17.05,0.01,0.55,98.62,,,C
-115.203283,56.926133,NAT97-164,44,G_05_MAGNESIAN_ALMANDINE  ,Garnet,0.02,0.04,29.42,1.92,7.12,37.07,21.17,0.02,1.85,98.61,,,B
-115.75395,56.847233,NAT96-216,105,G_09_CHROME_PYROPE  ,Garnet,0.01,3.43,8.02,18.84,5.45,41.63,20.76,0.03,0.44,98.61,,,B
-119.149878,57.493231,NAT97-204,18,G_05_MAGNESIAN_ALMANDINE  ,Garnet,0.26,0,30.17,3.15,4.54,37.02,20.74,0.06,2.64,98.58,,,B
-115.85457,56.157598,NAT95-141,627,G_11_UVAROVITE_PYROPE  ,Garnet,0.24,7.29,8.09,16.7,7.81,39.42,18.51,0.03,0.49,98.58,,,E
-115.753433,56.847983,NAT95-134,81,G_09_CHROME_PYROPE  ,Garnet,0.25,3.94,8.82,18.14,5.29,40.97,20.68,0.02,0.43,98.55,,,A
-115.753433,56.847983,NAT95-134,79,G_09_CHROME_PYROPE  ,Garnet,0,3.82,7.24,18.7,5.75,40.84,21.69,0.01,0.49,98.53,,,C
-111.982222,57.536667,NAT95-125,14,G_05_MAGNESIAN_ALMANDINE  ,Garnet,0.11,0.09,25.07,3.93,9.05,37.66,21.4,0.02,1.12,98.44,,,C
-115.75395,56.847233,NAT96-216,75,G_10_LOW_CALCIUM_CHROME_PYROPE  ,Garnet,0.14,7.83,7.66,17.33,6.44,40.62,17.91,0.05,0.46,98.44,,,D
-118.859667,54.554,NAT96-200,81,G_05_MAGNESIAN_ALMANDINE  ,Garnet,0,0.05,24.51,10.71,1.11,39.23,22.48,0.02,0.33,98.43,,,E
-117.052159,56.037584,LEL94-1,630,G_09_CHROME_PYROPE  ,Garnet,0.01,5.04,8.05,18.18,5.98,39.99,20.71,0.03,0.39,98.38,,,C
-115.307217,56.163817,NAT97-169,4,G_10_LOW_CALCIUM_CHROME_PYROPE  ,Garnet,0.14,8.6,7.02,18.31,6.49,40.7,16.67,0,0.4,98.32,,,B
-112.946578,55.138726,NAT95-126,623,G_11_UVAROVITE_PYROPE  ,Garnet,0.77,11.19,6.62,18.02,7.3,40.38,13.66,0.09,0.29,98.32,,,B
-115.753433,56.847983,NAT95-134,59,G_09_CHROME_PYROPE  ,Garnet,0.07,3.7,8.32,18.92,5.15,40.94,20.77,0.02,0.38,98.3,,,B
-115.75395,56.847233,NAT96-216,44,G_10_LOW_CALCIUM_CHROME_PYROPE  ,Garnet,0.17,6.23,8.69,17.65,5.46,40.67,18.88,0.05,0.51,98.3,,,D
-115.75395,56.847233,NAT96-216,71,G_10_LOW_CALCIUM_CHROME_PYROPE  ,Garnet,0.08,7.88,7.82,17.35,7.09,39.96,17.66,0.02,0.45,98.3,,,D
-115.753433,56.847983,NAT95-134,76,G_10_LOW_CALCIUM_CHROME_PYROPE  ,Garnet,0,7.41,7.73,16.94,6.95,40.67,18.04,0.03,0.49,98.25,,,C
-118.090833,54.576417,NAT96-197,4,G_05_MAGNESIAN_ALMANDINE  ,Garnet,0.1,0.04,24.9,6.99,6.24,38.5,20.82,0.02,0.61,98.24,,,A
-115.75395,56.847233,NAT96-216,54,G_09_CHROME_PYROPE  ,Garnet,0.03,4.61,7.58,18.84,5.44,40.94,20.24,0.03,0.53,98.24,,,C
-115.973889,56.926389,NAT95-146,622,G_01_TITANIAN_PYROPE  ,Garnet,0.68,1.94,7.66,20.79,4.34,41.14,21.36,0.07,0.24,98.22,,,B
-115.753433,56.847983,NAT95-134,64,G_09_CHROME_PYROPE  ,Garnet,0.13,3.11,8.4,19.19,4.76,40.95,21.24,0.01,0.42,98.21,,,A
-114.73386,56.215773,NAT95-131,619,G_01_TITANIAN_PYROPE  ,Garnet,0.59,2.23,7.02,20.89,4.65,41.92,20.57,0.06,0.23,98.17,,,E
-115.753433,56.847983,NAT95-134,605,G_09_CHROME_PYROPE  ,Garnet,0.14,4.71,7.88,18.94,5.55,39.21,21.26,0.05,0.43,98.17,,,C
-115.75395,56.847233,NAT96-216,20,G_09_CHROME_PYROPE  ,Garnet,0.08,4.78,7.79,18.83,5.12,40.71,20.29,0.04,0.53,98.17,,,A
-115.75395,56.847233,NAT96-216,45,G_09_CHROME_PYROPE  ,Garnet,0.04,3.99,7.66,18.77,5.29,40.63,21.18,0.02,0.54,98.14,,,A
-118.24205,54.715566,NAT97-223,23,G_03_CALCIC_PYROPE_ALMANDINE  ,Garnet,0.12,0.04,15.77,9.09,11.19,39.57,21.99,0.02,0.35,98.13,,,E
-115.75395,56.847233,NAT96-216,9,G_10_LOW_CALCIUM_CHROME_PYROPE  ,Garnet,0.06,6.76,8.19,17.54,6.65,40.5,18.03,0,0.41,98.12,,,C
-115.753433,56.847983,NAT95-134,604,G_09_CHROME_PYROPE  ,Garnet,0.05,5.24,8.18,18.53,5.97,39.1,20.66,0,0.39,98.11,,,B
-115.508017,56.7387,NAT97-227,84,ALMANDINE  ,Garnet,0.04,0,30.92,0.73,8.93,36.09,20.62,0,0.77,98.1,,,E
-115.753433,56.847983,NAT95-134,603,G_09_CHROME_PYROPE  ,Garnet,0.03,4.29,7.86,18.78,5.28,40.56,20.79,0,0.45,98.03,,,E
-117.723489,55.419501,PR95-3A,634,G_09_CHROME_PYROPE  ,Garnet,0.02,3.2,7.92,18.61,5.54,39.81,22.3,0.02,0.57,97.98,,,C
-115.405033,57.2944,NAT97-226,2,G_08_FERRO_MAGNESIAN_GROSSULAR  ,Garnet,0.06,0.02,14.17,0,22.58,37.23,23.78,0,0.13,97.97,,,B
-117.202402,56.586613,PR95-7,581,ALMANDINE  ,Garnet,0,0,32.23,2.87,0.52,35.01,22.13,0.02,5.15,97.93,,,D
-115.753433,56.847983,NAT95-134,80,G_10_LOW_CALCIUM_CHROME_PYROPE  ,Garnet,0.13,6.16,7.23,18.7,5.79,39.99,19.46,0,0.43,97.9,,,D
-115.307217,56.163817,NAT97-169,57,G_05_MAGNESIAN_ALMANDINE  ,Garnet,0.03,0.03,28.1,4.21,6.92,37.29,20.93,0,0.38,97.88,,,A
-115.75395,56.847233,NAT96-216,59,G_09_CHROME_PYROPE  ,Garnet,0,3.44,7.82,19.33,5.05,40.14,21.66,0.01,0.43,97.88,,,D
-115.213133,56.576333,NAT97-167,50,ALMANDINE  ,Garnet,0.04,0,30.84,1.82,6.62,36.8,20.72,0.05,0.92,97.81,,,C
-118.090833,54.576417,NAT96-197,76,G_05_MAGNESIAN_ALMANDINE  ,Garnet,0.06,0.02,29.54,5.35,4.45,37.31,20.75,0,0.3,97.79,,,B
-115.75395,56.847233,NAT96-216,19,G_10_LOW_CALCIUM_CHROME_PYROPE  ,Garnet,0.21,6.66,8.32,18.32,5.48,39.63,18.71,0.06,0.39,97.77,,,E
-116.771667,57.566944,NAT95-144,121,G_08_FERRO_MAGNESIAN_GROSSULAR  ,Garnet,0.06,0.04,11.38,0.01,23.75,37.51,24.95,0,0.01,97.71,,,A
-119.7898,54.92245,NAT96-212,93,UNKNOWN  (Grossular?),Garnet,0.29,0.04,8.27,0.06,23.38,38.2,27.29,0.01,0.15,97.69,,,D
-112.946578,55.138726,NAT95-126,127,G_07_FER-MAG_UVAROVITE_GROSSULAR  ,Garnet,0.38,14.67,2.46,0.27,33.37,36.83,9.01,0.01,0.55,97.55,,,B
-115.317908,56.764752,NAT95-135,88,ALMANDINE  ,Garnet,0.04,0.02,30.99,2.09,6.9,36.51,20.46,0,0.5,97.51,,,E
-115.75395,56.847233,NAT96-216,85,G_09_CHROME_PYROPE  ,Garnet,0.1,4.99,7.83,17.31,6.17,41.59,18.93,0.1,0.42,97.46,,,D
-116.170293,58.735294,NAT95-155,69,G_08_FERRO_MAGNESIAN_GROSSULAR  ,Garnet,0.09,0.04,12.6,0.02,23.45,37.55,23.48,0.01,0.14,97.38,,,B
-115.75395,56.847233,NAT96-216,60,G_09_CHROME_PYROPE  ,Garnet,0.02,5.09,7.54,18.62,5.58,39.41,20.38,0.01,0.57,97.23,,,D
-118.646324,54.228147,NAT96-177,5,G_08_FERRO_MAGNESIAN_GROSSULAR  ,Garnet,0.12,0,13.29,0.03,22.25,37,24.06,0,0.44,97.2,,,C
-115.753433,56.847983,NAT95-134,63,G_09_CHROME_PYROPE  ,Garnet,0.32,5.09,8.01,18.52,5.54,38.69,20.38,0.04,0.6,97.2,,,A
-115.753433,56.847983,NAT95-134,75,G_09_CHROME_PYROPE  ,Garnet,0.07,4.44,6.93,18.51,5.53,40.41,20.72,0,0.43,97.04,,,C
-113.800569,55.946071,NAT95-130,43,G_05_MAGNESIAN_ALMANDINE  ,Garnet,0,0.13,22.98,12.36,1.05,36.78,23.4,0,0.29,97.01,,,A
-115.75395,56.847233,NAT96-216,98,G_05_MAGNESIAN_ALMANDINE  ,Garnet,0.07,0.09,30.22,2.64,6.74,35.33,20.37,0,1.44,96.89,,,B
-115.75395,56.847233,NAT96-216,100,G_09_CHROME_PYROPE  ,Garnet,0,2.05,10.25,17.8,4.91,39.94,21.25,0.02,0.65,96.87,,,A
-117.434254,56.944689,LEL94-6,92,G_08_FERRO_MAGNESIAN_GROSSULAR  ,Garnet,0.01,0,13.95,0.01,22.96,37.2,22.7,0.01,0,96.84,,,D
-118.99801,54.34899,NAT96-181,6,G_08_FERRO_MAGNESIAN_GROSSULAR  ,Garnet,0.08,0.04,13.11,0.05,22.79,35.9,24.45,0.01,0.21,96.62,,,B
-115.75395,56.847233,NAT96-216,40,G_09_CHROME_PYROPE  ,Garnet,0,4.12,7.36,19.3,4.86,39.98,20.49,0.04,0.46,96.61,,,D
-115.753433,56.847983,NAT95-134,30,G_08_FERRO_MAGNESIAN_GROSSULAR  ,Garnet,0.19,0.02,13.01,0.02,22.68,37.38,23.07,0.02,0.09,96.49,,,E
-117.434254,56.944689,LEL94-6,90,G_08_FERRO_MAGNESIAN_GROSSULAR  ,Garnet,0.04,0.02,11.33,0.05,22.97,37.2,24.7,0.01,0.12,96.41,,,E
-112.946578,55.138726,NAT95-126,624,G_02_HIGH_TITANIUM_PYROPE  ,Garnet,8.12,0.04,8.78,0,24.52,34.53,20.16,0,0.2,96.36,,,A
-115.753433,56.847983,NAT95-134,60,G_09_CHROME_PYROPE  ,Garnet,0.19,3.56,7.98,18.99,5.01,38.92,21.18,0.03,0.35,96.2,,,D
-113.36651,55.658784,NAT95-129,614,G_08_FERRO_MAGNESIAN_GROSSULAR  ,Garnet,0.04,0.04,12.45,0.01,23.03,36.9,23.33,0.02,0.37,96.19,,,C
-117.298613,56.98102,LEL94-4,86,G_08_FERRO_MAGNESIAN_GROSSULAR  ,Garnet,0,0,12.66,0.02,22.9,37.05,23.44,0.01,0.07,96.15,,,B
-115.973889,56.926389,NAT95-146,56,G_08_FERRO_MAGNESIAN_GROSSULAR  ,Garnet,0.08,0.01,12.59,0.01,22.56,37.02,23.71,0,0.13,96.1,,,E
-114.620278,57.186443,NAT95-136,33,G_08_FERRO_MAGNESIAN_GROSSULAR  ,Garnet,0.05,0,12.14,0.02,22.79,36.78,24.01,0,0.23,96.02,,,E
-113.835833,57.563333,NAT95-157,130,GROSSULAR  ,Garnet,0.49,8.01,4.76,0.16,33.83,35.63,12.2,0.02,0.61,95.72,,,E
-113.36651,55.658784,NAT95-129,615,G_08_FERRO_MAGNESIAN_GROSSULAR  ,Garnet,0.08,0.06,13.75,0.04,22.84,36.73,22.14,0.01,0.02,95.67,,,D
-116.896667,56.689722,NAT95-143,52,G_08_FERRO_MAGNESIAN_GROSSULAR  ,Garnet,0.15,0,12.65,0.01,21.92,37.24,23.31,0,0.34,95.63,,,D
-113.36651,55.658784,NAT95-129,618,G_08_FERRO_MAGNESIAN_GROSSULAR  ,Garnet,0.16,0.01,12.41,0,22.43,37.27,23.18,0.01,0.17,95.62,,,E
-115.973889,56.926389,NAT95-146,57,G_08_FERRO_MAGNESIAN_GROSSULAR  ,Garnet,0.17,0,12.55,0.02,21.97,37.4,23.29,0,0.19,95.59,,,D
-112.946578,55.138726,NAT95-126,126,GROSSULAR  ,Garnet,0.3,11.09,0.45,0.23,34.67,37.03,11.4,0.02,0.38,95.57,,,D
-117.434254,56.944689,LEL94-6,93,G_08_FERRO_MAGNESIAN_GROSSULAR  ,Garnet,0.17,0.04,13.06,0,22.69,36.78,22.65,0,0.09,95.48,,,E
-115.75395,56.847233,NAT96-216,81,G_09_CHROME_PYROPE  ,Garnet,0.02,3.2,8.87,17.4,4.7,40.21,20.32,0.04,0.63,95.39,,,E
-115.799051,56.452099,PR95-11,107,G_08_FERRO_MAGNESIAN_GROSSULAR  ,Garnet,0.02,0,13.73,0,22.43,36.19,22.67,0.01,0.06,95.11,,,E
-117.434254,56.944689,LEL94-6,89,G_08_FERRO_MAGNESIAN_GROSSULAR  ,Garnet,0.07,0,14.01,0.02,21.64,36.59,21.91,0.03,0.44,94.71,,,E
-117.298613,56.98102,LEL94-4,87,G_08_FERRO_MAGNESIAN_GROSSULAR  ,Garnet,0.02,0.02,12.18,0.01,21.76,36.89,23.77,0,0.04,94.69,,,C
-114.73386,56.215773,NAT95-131,621,G_08_FERRO_MAGNESIAN_GROSSULAR  ,Garnet,0.06,0.1,11.05,0.04,22.5,37,23.77,0.03,0.1,94.65,,,C
-115.75395,56.847233,NAT96-216,82,G_03_CALCIC_PYROPE_ALMANDINE  ,Garnet,0.24,3.26,13.75,16.14,4.5,37.48,18.37,0.08,0.39,94.19,,,E
-119.0745,54.42425,NAT96-196,12,UNKNOWN  (Grossular?),Garnet,0.03,0.01,17.3,0,22.19,32.41,21.06,0.03,0.08,93.11,,,A
-117.616137,55.142215,SB94-15,119,G_08_FERRO_MAGNESIAN_GROSSULAR  ,Garnet,0.09,0,9.36,2.59,21.96,36.96,21,0.06,0.05,92.06,,,E
-115.75395,56.847233,NAT96-216,84,G_09_CHROME_PYROPE  ,Garnet,0.1,6.76,11.42,15.52,5.66,35.83,15.69,0.04,0.38,91.4,,,A
-115.75395,56.847233,NAT96-216,83,UNKNOWN  G1/G2??,Garnet,2.15,0.04,12.84,14.32,3.32,37.97,15.36,0.08,0.16,86.23,,,D
-115.75395,56.847233,NAT96-216,65,UNKNOWN  G9??,Garnet,0.03,3.17,9.11,15.08,4.56,31.83,16.9,0.05,0.56,81.29,,,E
